image,pattern,psnr
0001x2.png,box,21.148996
0001x2.png,random,22.747978
0001x2.png,legendre,22.672441
0002x2.png,box,22.131382
0002x2.png,random,21.798925
0002x2.png,legendre,22.567883
0003x2.png,box,19.29301
0003x2.png,random,19.713934
0003x2.png,legendre,20.554794
0004x2.png,box,20.267262
0004x2.png,random,20.754396
0004x2.png,legendre,20.53171
0005x2.png,box,18.989717
0005x2.png,random,19.650286
0005x2.png,legendre,20.320055
